,SiOs postliste 28.05. - 03.06.2012,,
Endret dato,Dok # Dokumentnavn,Applikasjon,Forfatternavn
01.06.2012,24165 Sameiet Storgata 39-41 Innkalling og årsberetnin,MS WORD,Mattis Schrøder
,g 2010 og 2011,,
01.06.2012,24204 Tilbud forprosjekt fordelsprogram,MS OUTLOOK,Nina Langeland
31.05.2012,"24159 Norengros statistikk 2011, Q1 2012",MS EXCEL,Heidi Rustad
30.05.2012,24135 Pressemelding Akademika og SSiN,MS WORD,Nina Langeland
29.05.2012,24106 SSB svar - Fritak fra undersøkelse om globaliseri,MS OUTLOOK,Elisabeth Myhre
,ng og internasjonal sourcing,,
29.05.2012,24101 SSB - Undersøkelse om Global og internasjonal s,ACROBAT,Elisabeth Myhre
,ourcing,,
29.05.2012,24102 Undersøkelse om Globalisering og internasjonal,MS WORD,Elisabeth Myhre
,sourcing - Svar til SSB,,
